uf,setor,mes_ano,admissoes,desligamentos,saldo,salario_medio,massa_salarial
SP,Indústria de Transformação,2023-01,15943,15157,786,3456.23,53744376.5
SP,Indústria de Transformação,2023-02,19944,16569,3375,3328.69,60770228.98
SP,Indústria de Transformação,2023-03,18545,17932,613,3576.25,65225435.62
SP,Indústria de Transformação,2023-04,18258,18607,-349,3569.51,65794993.08
SP,Indústria de Transformação,2023-05,19355,18889,466,3336.05,63791948.1
SP,Indústria de Transformação,2023-06,18616,15511,3105,3591.01,61275199.14
SP,Indústria de Transformação,2023-07,17728,18515,-787,3532.85,64020541.27
SP,Indústria de Transformação,2023-08,18968,16370,2598,3341.17,59035132.73
SP,Indústria de Transformação,2023-09,20591,22213,-1622,3585.87,76744789.74
SP,Indústria de Transformação,2023-10,20698,19747,951,3263.73,66000779.92
SP,Indústria de Transformação,2023-11,17138,16576,562,3359.12,56624685.84
SP,Indústria de Transformação,2023-12,17770,18888,-1118,3541.16,64905921.64
SP,Indústria de Transformação,2024-01,18418,14871,3547,3544.2,58991436.9
SP,Indústria de Transformação,2024-02,17263,15997,1266,3406.26,56646103.8
SP,Indústria de Transformação,2024-03,18462,17530,932,3281.47,59053334.12
SP,Indústria de Transformação,2024-04,18034,18485,-451,3495.27,63821882.56
SP,Indústria de Transformação,2024-05,17951,19297,-1346,3344.32,62284615.68
SP,Indústria de Transformação,2024-06,17567,18934,-1367,3441.8,62814570.9
SP,Indústria de Transformação,2024-07,18097,14615,3482,3329.24,54453049.44
SP,Indústria de Transformação,2024-08,15996,13031,2965,3541.46,51398979.71
SP,Indústria de Transformação,2024-09,20088,16688,3400,3505.06,64451043.28
SP,Indústria de Transformação,2024-10,17838,16850,988,3331.19,57776159.36
SP,Indústria de Transformação,2024-11,20083,56232,-36149,3431.9,35624837.95
SP,Indústria de Transformação,2024-12,17834,19240,-1406,3666.35,67963129.95
SP,Extrativa Mineral,2023-01,3649,3532,117,6429.82,23086268.71
SP,Extrativa Mineral,2023-02,3392,3527,-135,6294.53,21775926.54
SP,Extrativa Mineral,2023-03,3577,3810,-233,6239.05,23043931.18
SP,Extrativa Mineral,2023-04,3377,2974,403,5916.69,18788449.09
SP,Extrativa Mineral,2023-05,3768,3689,79,6259.33,23337911.91
SP,Extrativa Mineral,2023-06,3624,3431,193,6632.74,23396990.35
SP,Extrativa Mineral,2023-07,3340,3158,182,6302.08,20475457.92
SP,Extrativa Mineral,2023-08,3952,4119,-167,6339.62,25583536.51
SP,Extrativa Mineral,2023-09,4039,4238,-199,6145.23,25432034.35
SP,Extrativa Mineral,2023-10,4050,3359,691,6445.6,23877725.2
SP,Extrativa Mineral,2023-11,3907,3729,178,6255.05,23881780.9
SP,Extrativa Mineral,2023-12,4102,4471,-369,6569.01,28158061.37
SP,Extrativa Mineral,2024-01,3577,2930,647,6104.77,19861869.2
SP,Extrativa Mineral,2024-02,3598,2982,616,6492.53,21360423.7
SP,Extrativa Mineral,2024-03,3504,3275,229,5901.31,20002490.25
SP,Extrativa Mineral,2024-04,3060,2981,79,6641.34,20060167.47
SP,Extrativa Mineral,2024-05,3149,3269,-120,6089.76,19542039.84
SP,Extrativa Mineral,2024-06,3730,3825,-95,6660.83,25161285.32
SP,Extrativa Mineral,2024-07,3781,3745,36,6014.74,22633466.62
SP,Extrativa Mineral,2024-08,3398,3312,86,6510.24,21841855.2
SP,Extrativa Mineral,2024-09,4085,3870,215,6470.7,25737209.25
SP,Extrativa Mineral,2024-10,3205,2778,427,6363.88,19037547.02
SP,Extrativa Mineral,2024-11,4094,4351,-257,6296.81,26588280.23
SP,Extrativa Mineral,2024-12,3151,3152,-1,6643.66,20937494.49
SP,Construção Civil,2023-01,11392,12240,-848,2573.43,30407648.88
SP,Construção Civil,2023-02,10222,10655,-433,2645.77,27617870.14
SP,Construção Civil,2023-03,9544,7675,1869,2505.87,21574287.77
SP,Construção Civil,2023-04,11721,9557,2164,2587.29,27526178.31
SP,Construção Civil,2023-05,10038,10347,-309,2478.72,25264353.6
SP,Construção Civil,2023-06,10532,9461,1071,2572.64,25717395.76
SP,Construção Civil,2023-07,9952,8323,1629,2790.69,25499929.88
SP,Construção Civil,2023-08,10725,11169,-444,2522.02,27608552.94
SP,Construção Civil,2023-09,10561,9822,739,2583.71,26331880.46
SP,Construção Civil,2023-10,10809,10847,-38,2493.49,26999509.72
SP,Construção Civil,2023-11,10182,8742,1440,2781.45,26318079.9
SP,Construção Civil,2023-12,9067,8735,332,2753.58,24509615.58
SP,Construção Civil,2024-01,10348,10621,-273,2533.72,26564787.34
SP,Construção Civil,2024-02,11164,11871,-707,2513.65,28950963.88
SP,Construção Civil,2024-03,10594,10971,-377,2644.7,28516477.75
SP,Construção Civil,2024-04,11938,10124,1814,2755.4,30394817.4
SP,Construção Civil,2024-05,10153,9417,736,2609.96,25538458.6
SP,Construção Civil,2024-06,9172,8176,996,2586.29,22433479.46
SP,Construção Civil,2024-07,9754,9259,495,2733.72,25988109.18
SP,Construção Civil,2024-08,10234,9623,611,2580.12,25616721.42
SP,Construção Civil,2024-09,10443,8730,1713,2739.25,26259820.12
SP,Construção Civil,2024-10,11434,11946,-512,2756.58,32224420.2
SP,Construção Civil,2024-11,9653,10484,-831,2766.97,27859237.44
SP,Construção Civil,2024-12,10958,10107,851,2734.76,28803859.7
SP,Serviços Industriais de Utilidade Pública,2023-01,2651,2653,-2,5159.79,13683763.08
SP,Serviços Industriais de Utilidade Pública,2023-02,2293,1942,351,4910.69,10398386.07
SP,Serviços Industriais de Utilidade Pública,2023-03,2452,2357,95,4628.45,11129108.03
SP,Serviços Industriais de Utilidade Pública,2023-04,2555,2470,85,4914.46,12347580.75
SP,Serviços Industriais de Utilidade Pública,2023-05,2194,1949,245,4727.29,9792581.23
SP,Serviços Industriais de Utilidade Pública,2023-06,2440,2026,414,4724.56,10549942.48
SP,Serviços Industriais de Utilidade Pública,2023-07,2727,2321,406,4987.16,12587591.84
SP,Serviços Industriais de Utilidade Pública,2023-08,2586,2629,-43,4675.75,12192018.12
SP,Serviços Industriais de Utilidade Pública,2023-09,2493,2373,120,4732.71,11514683.43
SP,Serviços Industriais de Utilidade Pública,2023-10,2642,2344,298,4756.31,11857480.83
SP,Serviços Industriais de Utilidade Pública,2023-11,2227,1823,404,4816.86,9754141.5
SP,Serviços Industriais de Utilidade Pública,2023-12,2686,2774,-88,4818.67,13154969.1
SP,Serviços Industriais de Utilidade Pública,2024-01,2051,1700,351,4574.34,8579174.67
SP,Serviços Industriais de Utilidade Pública,2024-02,2128,2140,-12,4919.72,10498682.48
SP,Serviços Industriais de Utilidade Pública,2024-03,2713,2455,258,5046.57,13040336.88
SP,Serviços Industriais de Utilidade Pública,2024-04,2477,2468,9,4943.85,12223669.12
SP,Serviços Industriais de Utilidade Pública,2024-05,2705,2420,285,4694.56,12029810.0
SP,Serviços Industriais de Utilidade Pública,2024-06,2373,2595,-222,5108.12,12688570.08
SP,Serviços Industriais de Utilidade Pública,2024-07,2534,2681,-147,4985.2,12998909.0
SP,Serviços Industriais de Utilidade Pública,2024-08,2705,2479,226,5150.97,13351314.24
SP,Serviços Industriais de Utilidade Pública,2024-09,2296,2343,-47,4832.53,11209053.33
SP,Serviços Industriais de Utilidade Pública,2024-10,2057,2074,-17,4740.68,9791874.54
SP,Serviços Industriais de Utilidade Pública,2024-11,2729,2838,-109,4636.32,12905196.72
SP,Serviços Industriais de Utilidade Pública,2024-12,2592,2321,271,5123.45,12585754.92
MG,Indústria de Transformação,2023-01,9721,8775,946,3477.9,32163619.2
MG,Indústria de Transformação,2023-02,10238,8536,1702,3503.58,32888105.46
MG,Indústria de Transformação,2023-03,8500,7120,1380,3386.49,26448486.9
MG,Indústria de Transformação,2023-04,10025,9992,33,3242.73,32454863.21
MG,Indústria de Transformação,2023-05,9825,8909,916,3399.77,31845645.59
MG,Indústria de Transformação,2023-06,8849,8196,653,3327.05,28354783.62
MG,Indústria de Transformação,2023-07,8520,8203,317,3522.41,29452631.21
MG,Indústria de Transformação,2023-08,10851,10906,-55,3405.41,37045752.68
MG,Indústria de Transformação,2023-09,8894,7509,1385,3240.33,26575566.5
MG,Indústria de Transformação,2023-10,8957,8452,505,3346.61,29130566.75
MG,Indústria de Transformação,2023-11,9066,9820,-754,3492.39,32978638.77
MG,Indústria de Transformação,2023-12,10577,10216,361,3517.39,36568545.13
MG,Indústria de Transformação,2024-01,10928,10427,501,3347.23,35740048.33
MG,Indústria de Transformação,2024-02,9983,10246,-263,3370.33,34089202.78
MG,Indústria de Transformação,2024-03,10054,8077,1977,3662.33,33200852.61
MG,Indústria de Transformação,2024-04,9515,10381,-866,3530.18,35118230.64
MG,Indústria de Transformação,2024-05,10642,11473,-831,3630.47,40143922.02
MG,Indústria de Transformação,2024-06,9309,10173,-864,3650.34,35557961.94
MG,Indústria de Transformação,2024-07,8829,9259,-430,3381.91,30585994.04
MG,Indústria de Transformação,2024-08,8738,7931,807,3511.56,29267096.82
MG,Indústria de Transformação,2024-09,9740,9177,563,3578.57,33847904.34
MG,Indústria de Transformação,2024-10,9832,8419,1413,3507.58,32008421.29
MG,Indústria de Transformação,2024-11,8602,9188,-586,3650.1,32467639.5
MG,Indústria de Transformação,2024-12,10503,11033,-530,3540.44,38123457.92
MG,Extrativa Mineral,2023-01,2090,2072,18,5957.87,12398327.47
MG,Extrativa Mineral,2023-02,1846,1881,-35,6001.2,11183236.2
MG,Extrativa Mineral,2023-03,2057,2261,-204,5904.79,12748441.61
MG,Extrativa Mineral,2023-04,1757,1852,-95,6359.4,11475537.3
MG,Extrativa Mineral,2023-05,1961,2130,-169,6196.75,12675452.12
MG,Extrativa Mineral,2023-06,2186,2087,99,6409.1,13693042.15
MG,Extrativa Mineral,2023-07,1723,1641,82,5958.94,10022937.08
MG,Extrativa Mineral,2023-08,2053,1847,206,6100.72,11896404.0
MG,Extrativa Mineral,2023-09,1655,1618,37,6524.52,10677376.98
MG,Extrativa Mineral,2023-10,1725,1531,194,6326.18,10299021.04
MG,Extrativa Mineral,2023-11,1837,2005,-168,6042.09,11606854.89
MG,Extrativa Mineral,2023-12,2062,1655,407,6378.4,11854256.4
MG,Extrativa Mineral,2024-01,1908,1768,140,6544.58,12028938.04
MG,Extrativa Mineral,2024-02,2151,2352,-201,6693.43,15070257.65
MG,Extrativa Mineral,2024-03,1730,1651,79,6034.78,10201795.59
MG,Extrativa Mineral,2024-04,1942,1649,293,6605.08,11859421.14
MG,Extrativa Mineral,2024-05,1928,2052,-124,6408.58,12753074.2
MG,Extrativa Mineral,2024-06,1633,1489,144,6186.61,9657298.21
MG,Extrativa Mineral,2024-07,1756,1486,270,6381.67,10344687.07
MG,Extrativa Mineral,2024-08,1704,1866,-162,6280.56,11210799.6
MG,Extrativa Mineral,2024-09,2135,2173,-38,3718.35,6006994.42
MG,Extrativa Mineral,2024-10,1987,1975,12,6170.33,12223423.73
MG,Extrativa Mineral,2024-11,2155,1802,353,6308.27,12480912.2
MG,Extrativa Mineral,2024-12,2109,2119,-10,6257.48,13228312.72
MG,Construção Civil,2023-01,5743,4736,1007,2733.32,14321230.14
MG,Construção Civil,2023-02,4907,4654,253,2575.46,12311986.53
MG,Construção Civil,2023-03,6025,5228,797,2579.85,14515526.03
MG,Construção Civil,2023-04,5610,5046,564,2776.6,14793724.8
MG,Construção Civil,2023-05,5976,6317,-341,2606.24,16019254.16
MG,Construção Civil,2023-06,5056,5267,-211,2544.42,13133023.83
MG,Construção Civil,2023-07,5917,5352,565,2736.07,15416386.42
MG,Construção Civil,2023-08,5448,5671,-223,2598.99,14449084.9
MG,Construção Civil,2023-09,5019,5133,-114,2692.01,13664642.76
MG,Construção Civil,2023-10,4974,4378,596,2752.45,12870456.2
MG,Construção Civil,2023-11,5297,5574,-277,2620.22,14242205.81
MG,Construção Civil,2023-12,5004,4944,60,2549.19,12679671.06
MG,Construção Civil,2024-01,6393,6190,203,2511.65,15802045.98
MG,Construção Civil,2024-02,5253,4924,329,2605.62,13258697.37
MG,Construção Civil,2024-03,4796,4867,-71,2697.85,13034662.28
MG,Construção Civil,2024-04,5325,5344,-19,2781.94,14840258.93
MG,Construção Civil,2024-05,6286,6626,-340,2792.02,18025281.12
MG,Construção Civil,2024-06,5881,5668,213,2540.95,14672715.77
MG,Construção Civil,2024-07,5351,4811,540,2781.94,14135037.14
MG,Construção Civil,2024-08,5977,4800,1177,2658.92,14327590.42
MG,Construção Civil,2024-09,5183,4665,518,2687.8,13234727.2
MG,Construção Civil,2024-10,5456,5638,-182,2630.87,14593435.89
MG,Construção Civil,2024-11,6253,5637,616,2482.67,14759473.15
MG,Construção Civil,2024-12,5129,4289,840,2757.94,12987139.46
MG,Serviços Industriais de Utilidade Pública,2023-01,1191,959,232,4690.56,5042352.0
MG,Serviços Industriais de Utilidade Pública,2023-02,1263,1115,148,4953.23,5889390.47
MG,Serviços Industriais de Utilidade Pública,2023-03,1118,1126,-8,4896.31,5493659.82
MG,Serviços Industriais de Utilidade Pública,2023-04,1092,904,188,4765.91,4756378.18
MG,Serviços Industriais de Utilidade Pública,2023-05,1172,1100,72,4938.2,5609795.2
MG,Serviços Industriais de Utilidade Pública,2023-06,1153,1029,124,4914.2,5361392.2
MG,Serviços Industriais de Utilidade Pública,2023-07,1361,1366,-5,4908.91,6693298.79
MG,Serviços Industriais de Utilidade Pública,2023-08,1129,994,135,4821.79,5118330.08
MG,Serviços Industriais de Utilidade Pública,2023-09,1159,1182,-23,5176.82,6059467.81
MG,Serviços Industriais de Utilidade Pública,2023-10,1467,1574,-107,4970.52,7557675.66
MG,Serviços Industriais de Utilidade Pública,2023-11,1219,1102,117,4938.52,5731152.46
MG,Serviços Industriais de Utilidade Pública,2023-12,1186,1263,-77,5083.51,6224758.0
MG,Serviços Industriais de Utilidade Pública,2024-01,1102,1043,59,4573.59,4905175.28
MG,Serviços Industriais de Utilidade Pública,2024-02,1398,1224,174,5031.1,6595772.1
MG,Serviços Industriais de Utilidade Pública,2024-03,1164,1026,138,5085.56,5568688.2
MG,Serviços Industriais de Utilidade Pública,2024-04,1241,1074,167,4593.81,5317335.08
MG,Serviços Industriais de Utilidade Pública,2024-05,1245,1020,225,5010.57,5674470.52
MG,Serviços Industriais de Utilidade Pública,2024-06,1341,1347,-6,5037.89,6770924.16
MG,Serviços Industriais de Utilidade Pública,2024-07,1202,1135,67,4616.61,5394508.78
MG,Serviços Industriais de Utilidade Pública,2024-08,1283,1227,56,4762.86,5977389.3
MG,Serviços Industriais de Utilidade Pública,2024-09,1210,1091,119,4673.04,5376332.52
MG,Serviços Industriais de Utilidade Pública,2024-10,1467,1553,-86,4668.79,7049872.9
MG,Serviços Industriais de Utilidade Pública,2024-11,1186,1285,-99,5103.84,6305794.32
MG,Serviços Industriais de Utilidade Pública,2024-12,1287,1177,110,4626.37,5699687.84
RJ,Indústria de Transformação,2023-01,11154,9642,1512,3435.0,35717130.0
RJ,Indústria de Transformação,2023-02,9859,9389,470,3462.75,33325506.0
RJ,Indústria de Transformação,2023-03,10844,11250,-406,3349.64,37003473.08
RJ,Indústria de Transformação,2023-04,12011,11369,642,3477.03,40646480.7
RJ,Indústria de Transformação,2023-05,11903,10685,1218,3670.76,41457563.44
RJ,Indústria de Transformação,2023-06,10450,10288,162,3468.28,35962595.32
RJ,Indústria de Transformação,2023-07,9672,9337,335,3663.05,34815458.73
RJ,Indústria de Transformação,2023-08,11541,9687,1854,3590.62,38110840.68
RJ,Indústria de Transformação,2023-09,11308,9253,2055,3524.66,36235267.13
RJ,Indústria de Transformação,2023-10,9291,9633,-342,3645.91,34497600.42
RJ,Indústria de Transformação,2023-11,9759,8590,1169,3468.82,31824689.09
RJ,Indústria de Transformação,2023-12,10335,9685,650,3312.46,33157724.6
RJ,Indústria de Transformação,2024-01,9353,8003,1350,3298.02,28620217.56
RJ,Indústria de Transformação,2024-02,11257,10659,598,3471.36,38039162.88
RJ,Indústria de Transformação,2024-03,9273,8033,1240,3390.96,29341976.88
RJ,Indústria de Transformação,2024-04,10938,10278,660,3560.24,37767025.92
RJ,Indústria de Transformação,2024-05,9682,8688,994,3545.95,32569550.75
RJ,Indústria de Transformação,2024-06,9310,7469,1841,3271.84,27449101.68
RJ,Indústria de Transformação,2024-07,11078,11204,-126,3589.55,39991176.55
RJ,Indústria de Transformação,2024-08,10013,10283,-270,3302.4,33512755.2
RJ,Indústria de Transformação,2024-09,9799,10239,-440,3416.9,34233921.1
RJ,Indústria de Transformação,2024-10,10583,11111,-528,3305.44,35854107.68
RJ,Indústria de Transformação,2024-11,9907,10802,-895,3324.02,34418565.09
RJ,Indústria de Transformação,2024-12,9693,10638,-945,3416.51,34730532.41
RJ,Extrativa Mineral,2023-01,2110,2229,-119,6458.26,14011195.07
RJ,Extrativa Mineral,2023-02,2463,2435,28,6245.02,15294053.98
RJ,Extrativa Mineral,2023-03,2450,2405,45,5963.96,14477512.9
RJ,Extrativa Mineral,2023-04,2417,2469,-52,5983.38,14617397.34
RJ,Extrativa Mineral,2023-05,1887,1914,-27,6391.48,12147007.74
RJ,Extrativa Mineral,2023-06,1938,1650,288,6406.73,11493673.62
RJ,Extrativa Mineral,2023-07,1958,2123,-165,6682.33,13635294.37
RJ,Extrativa Mineral,2023-08,1855,2024,-169,6412.44,12436927.38
RJ,Extrativa Mineral,2023-09,2428,2517,-89,6121.42,15135210.95
RJ,Extrativa Mineral,2023-10,2072,1663,409,6309.94,11783812.95
RJ,Extrativa Mineral,2023-11,2410,2535,-125,6283.47,15535879.58
RJ,Extrativa Mineral,2023-12,1925,1998,-73,6341.08,12438028.42
RJ,Extrativa Mineral,2024-01,2464,2308,156,6380.48,15223825.28
RJ,Extrativa Mineral,2024-02,2220,2395,-175,6430.04,14837317.3
RJ,Extrativa Mineral,2024-03,2047,1794,253,6439.72,12367482.26
RJ,Extrativa Mineral,2024-04,2134,1928,206,6555.72,13314667.32
RJ,Extrativa Mineral,2024-05,2176,2086,90,5969.24,12720450.44
RJ,Extrativa Mineral,2024-06,2014,1633,381,6365.71,11607872.19
RJ,Extrativa Mineral,2024-07,1881,2025,-144,6344.89,12391570.17
RJ,Extrativa Mineral,2024-08,2086,2072,14,6353.43,13208780.97
RJ,Extrativa Mineral,2024-09,2132,2011,121,5907.7,12237800.55
RJ,Extrativa Mineral,2024-10,2418,2031,387,5974.75,13290831.38
RJ,Extrativa Mineral,2024-11,1895,1820,75,6095.49,11322372.67
RJ,Extrativa Mineral,2024-12,2465,2525,-60,5947.33,14838588.35
RJ,Construção Civil,2023-01,6492,5426,1066,2795.79,16660112.61
RJ,Construção Civil,2023-02,7065,7172,-107,2573.78,18321452.93
RJ,Construção Civil,2023-03,6244,5598,646,2773.07,16419347.47
RJ,Construção Civil,2023-04,6659,6126,533,2643.76,16900235.8
RJ,Construção Civil,2023-05,6958,6440,518,2635.27,17653673.73
RJ,Construção Civil,2023-06,6480,6036,444,2729.85,17083401.3
RJ,Construção Civil,2023-07,6467,6319,148,2633.2,16834047.6
RJ,Construção Civil,2023-08,5385,5835,-450,2600.04,14586224.4
RJ,Construção Civil,2023-09,5419,5091,328,2517.42,13229042.1
RJ,Construção Civil,2023-10,5810,5556,254,2560.35,14550469.05
RJ,Construção Civil,2023-11,6170,6296,-126,2478.89,15450921.37
RJ,Construção Civil,2023-12,6493,6207,286,2792.17,17730279.5
RJ,Construção Civil,2024-01,5585,5085,500,2543.28,13568398.8
RJ,Construção Civil,2024-02,5498,4678,820,2607.03,13264568.64
RJ,Construção Civil,2024-03,5564,4627,937,2804.6,14290839.3
RJ,Construção Civil,2024-04,6112,4900,1212,2536.47,13965803.82
RJ,Construção Civil,2024-05,5851,6085,-234,2647.36,15799444.48
RJ,Construção Civil,2024-06,7079,5842,1237,2526.66,16323486.93
RJ,Construção Civil,2024-07,7077,6125,952,2754.65,18183444.65
RJ,Construção Civil,2024-08,6872,15118,-8246,2773.99,18763268.36
RJ,Construção Civil,2024-09,6393,5182,1211,2794.45,16172879.37
RJ,Construção Civil,2024-10,7204,7262,-58,2754.22,19921273.26
RJ,Construção Civil,2024-11,6329,6836,-507,2793.46,18387950.45
RJ,Construção Civil,2024-12,7060,7696,-636,2689.85,19845713.3
RJ,Serviços Industriais de Utilidade Pública,2023-01,1643,1337,306,4616.84,6879091.6
RJ,Serviços Industriais de Utilidade Pública,2023-02,1505,1330,175,4564.56,6470263.8
RJ,Serviços Industriais de Utilidade Pública,2023-03,1490,1211,279,5137.07,6937613.03
RJ,Serviços Industriais de Utilidade Pública,2023-04,1254,1266,-12,4901.03,6175297.8
RJ,Serviços Industriais de Utilidade Pública,2023-05,1460,1394,66,4897.1,6988161.7
RJ,Serviços Industriais de Utilidade Pública,2023-06,1437,1172,265,4779.66,6235066.47
RJ,Serviços Industriais de Utilidade Pública,2023-07,1455,1366,89,4711.19,6645133.49
RJ,Serviços Industriais de Utilidade Pública,2023-08,1230,1126,104,4615.77,5437377.06
RJ,Serviços Industriais de Utilidade Pública,2023-09,1515,1293,222,4707.82,6609779.28
RJ,Serviços Industriais de Utilidade Pública,2023-10,1465,1393,72,4770.35,6816830.15
RJ,Serviços Industriais de Utilidade Pública,2023-11,1344,1335,9,4665.4,6249303.3
RJ,Serviços Industriais de Utilidade Pública,2023-12,1263,1140,123,5026.65,6039519.97
RJ,Serviços Industriais de Utilidade Pública,2024-01,1280,1385,-105,5098.31,6793498.08
RJ,Serviços Industriais de Utilidade Pública,2024-02,1560,1633,-73,4856.0,7752604.0
RJ,Serviços Industriais de Utilidade Pública,2024-03,1523,1532,-9,4761.17,7272687.17
RJ,Serviços Industriais de Utilidade Pública,2024-04,1437,1199,238,4560.94,6011318.92
RJ,Serviços Industriais de Utilidade Pública,2024-05,1387,1511,-124,4870.76,7057731.24
RJ,Serviços Industriais de Utilidade Pública,2024-06,1404,1361,43,4879.68,6746157.6
RJ,Serviços Industriais de Utilidade Pública,2024-07,1377,1408,-31,4928.95,6863562.88
RJ,Serviços Industriais de Utilidade Pública,2024-08,1504,1310,194,4795.4,6747127.8
RJ,Serviços Industriais de Utilidade Pública,2024-09,1329,1184,145,4981.49,6259242.18
RJ,Serviços Industriais de Utilidade Pública,2024-10,1517,1471,46,4751.49,7098726.06
RJ,Serviços Industriais de Utilidade Pública,2024-11,1453,1586,-133,4773.75,7253713.12
RJ,Serviços Industriais de Utilidade Pública,2024-12,1542,1564,-22,4928.1,7653339.3
RS,Indústria de Transformação,2023-01,6644,6254,390,3646.31,23515053.19
RS,Indústria de Transformação,2023-02,7431,7065,366,3522.66,25532239.68
RS,Indústria de Transformação,2023-03,6364,5334,1030,3500.94,20476998.06
RS,Indústria de Transformação,2023-04,6791,6263,528,3341.41,21809383.07
RS,Indústria de Transformação,2023-05,7079,6290,789,3296.55,22035788.48
RS,Indústria de Transformação,2023-06,7488,6001,1487,3489.57,23535404.87
RS,Indústria de Transformação,2023-07,6327,6640,-313,3426.18,22213638.03
RS,Indústria de Transformação,2023-08,6267,5737,530,3350.98,20112581.96
RS,Indústria de Transformação,2023-09,7781,7923,-142,3597.23,28245449.96
RS,Indústria de Transformação,2023-10,6661,6806,-145,3411.42,22970796.57
RS,Indústria de Transformação,2023-11,6760,6043,717,3304.32,21152604.48
RS,Indústria de Transformação,2023-12,7442,6021,1421,3324.29,22377458.13
RS,Indústria de Transformação,2024-01,7629,7734,-105,3565.9,27391460.85
RS,Indústria de Transformação,2024-02,6991,7412,-421,3523.79,25376573.68
RS,Indústria de Transformação,2024-03,6478,5379,1099,3400.24,20158322.84
RS,Indústria de Transformação,2024-04,7419,7369,50,3404.42,25172281.48
RS,Indústria de Transformação,2024-05,7451,6637,814,3469.97,24442468.68
RS,Indústria de Transformação,2024-06,8216,8282,-66,3383.65,27911728.85
RS,Indústria de Transformação,2024-07,8111,7079,1032,3454.83,26239433.85
RS,Indústria de Transformação,2024-08,6200,6115,85,3316.36,20420486.7
RS,Indústria de Transformação,2024-09,6486,6026,460,3486.57,21811981.92
RS,Indústria de Transformação,2024-10,7080,6460,620,3449.63,23353995.1
RS,Indústria de Transformação,2024-11,6247,5573,674,3245.98,19183741.8
RS,Indústria de Transformação,2024-12,7408,6676,732,3361.69,23673020.98
RS,Extrativa Mineral,2023-01,1402,1535,-133,6397.33,9394479.11
RS,Extrativa Mineral,2023-02,1455,1526,-71,6652.81,9916013.3
RS,Extrativa Mineral,2023-03,1347,1346,1,6661.18,8969278.87
RS,Extrativa Mineral,2023-04,1442,1513,-71,6172.68,9120134.7
RS,Extrativa Mineral,2023-05,1392,1205,187,6229.55,8089070.67
RS,Extrativa Mineral,2023-06,1409,1390,19,6623.1,9269028.45
RS,Extrativa Mineral,2023-07,1592,1655,-63,6340.73,10294175.15
RS,Extrativa Mineral,2023-08,1387,1468,-81,6587.21,9403242.28
RS,Extrativa Mineral,2023-09,1236,1076,160,6030.91,6971731.96
RS,Extrativa Mineral,2023-10,1490,1403,87,6546.13,9468977.04
RS,Extrativa Mineral,2023-11,1412,1209,203,5915.05,7751673.03
RS,Extrativa Mineral,2023-12,1260,1046,214,6065.18,6993152.54
RS,Extrativa Mineral,2024-01,1277,1252,25,6402.55,8096024.48
RS,Extrativa Mineral,2024-02,1653,1632,21,6225.59,10225531.58
RS,Extrativa Mineral,2024-03,1362,1456,-94,5967.95,8408841.55
RS,Extrativa Mineral,2024-04,1252,1129,123,6011.45,7156631.22
RS,Extrativa Mineral,2024-05,1495,1240,255,5975.02,8170839.85
RS,Extrativa Mineral,2024-06,1577,1675,-98,6336.89,10303783.14
RS,Extrativa Mineral,2024-07,1433,1401,32,5990.44,8488453.48
RS,Extrativa Mineral,2024-08,1373,1159,214,6265.81,7932515.46
RS,Extrativa Mineral,2024-09,1593,1321,272,6694.42,9753769.94
RS,Extrativa Mineral,2024-10,1567,1452,115,6653.47,10043412.96
RS,Extrativa Mineral,2024-11,1263,1270,-7,6230.97,7891523.5
RS,Extrativa Mineral,2024-12,1652,1540,112,5939.44,9479346.24
RS,Construção Civil,2023-01,4169,4269,-100,2807.22,11843661.18
RS,Construção Civil,2023-02,4083,3790,293,2493.22,9814560.53
RS,Construção Civil,2023-03,4468,4276,192,2613.52,11426309.44
RS,Construção Civil,2023-04,4011,3412,599,2759.52,10241958.48
RS,Construção Civil,2023-05,4329,4490,-161,2557.25,11276193.88
RS,Construção Civil,2023-06,4579,4742,-163,2704.86,12606000.03
RS,Construção Civil,2023-07,4029,4132,-103,2608.75,10645004.38
RS,Construção Civil,2023-08,4368,4251,117,2678.82,11544374.79
RS,Construção Civil,2023-09,3972,4199,-227,2762.96,11288073.08
RS,Construção Civil,2023-10,3961,4050,-89,2674.44,10712469.42
RS,Construção Civil,2023-11,3798,3515,283,2481.51,9073641.32
RS,Construção Civil,2023-12,4338,4156,182,2568.07,10906593.29
RS,Construção Civil,2024-01,4500,4773,-273,2540.28,11778008.22
RS,Construção Civil,2024-02,4744,4831,-87,2619.32,12539994.5
RS,Construção Civil,2024-03,4020,3839,181,2792.0,10971164.0
RS,Construção Civil,2024-04,3962,4206,-244,2553.42,10428167.28
RS,Construção Civil,2024-05,4726,4632,94,2584.12,12091097.48
RS,Construção Civil,2024-06,3970,4273,-303,2685.59,11068659.19
RS,Construção Civil,2024-07,4402,4057,345,2613.42,11053459.89
RS,Construção Civil,2024-08,4151,3789,362,2506.0,9948820.0
RS,Construção Civil,2024-09,4039,4229,-190,2615.54,10812642.36
RS,Construção Civil,2024-10,4426,4316,110,2662.46,11637612.66
RS,Construção Civil,2024-11,4021,4134,-113,2600.58,10603864.95
RS,Construção Civil,2024-12,4011,3510,501,2632.17,9898275.29
RS,Serviços Industriais de Utilidade Pública,2023-01,919,863,56,4936.39,4398323.49
RS,Serviços Industriais de Utilidade Pública,2023-02,1064,945,119,5168.8,5192059.6
RS,Serviços Industriais de Utilidade Pública,2023-03,1044,871,173,4766.46,4563885.45
RS,Serviços Industriais de Utilidade Pública,2023-04,891,792,99,5099.61,4291321.81
RS,Serviços Industriais de Utilidade Pública,2023-05,1020,816,204,4696.21,4311120.78
RS,Serviços Industriais de Utilidade Pública,2023-06,838,714,124,5002.25,3881746.0
RS,Serviços Industriais de Utilidade Pública,2023-07,1085,1180,-95,4896.77,5545592.03
RS,Serviços Industriais de Utilidade Pública,2023-08,845,831,14,4882.09,4091191.42
RS,Serviços Industriais de Utilidade Pública,2023-09,993,880,113,4627.45,4333606.92
RS,Serviços Industriais de Utilidade Pública,2023-10,936,781,155,5182.86,4449485.31
RS,Serviços Industriais de Utilidade Pública,2023-11,1077,1118,-41,4604.82,5053789.95
RS,Serviços Industriais de Utilidade Pública,2023-12,985,1005,-20,4802.2,4778189.0
RS,Serviços Industriais de Utilidade Pública,2024-01,855,932,-77,4910.59,4387612.17
RS,Serviços Industriais de Utilidade Pública,2024-02,822,847,-25,4739.13,3954803.98
RS,Serviços Industriais de Utilidade Pública,2024-03,1081,1045,36,5080.81,5400901.03
RS,Serviços Industriais de Utilidade Pública,2024-04,943,1017,-74,4818.74,4722365.2
RS,Serviços Industriais de Utilidade Pública,2024-05,859,852,7,5174.7,4426955.85
RS,Serviços Industriais de Utilidade Pública,2024-06,863,793,70,4590.47,3800909.16
RS,Serviços Industriais de Utilidade Pública,2024-07,946,919,27,5072.51,4730115.58
RS,Serviços Industriais de Utilidade Pública,2024-08,943,934,9,5049.48,4738936.98
RS,Serviços Industriais de Utilidade Pública,2024-09,898,928,-30,5056.87,4616922.31
RS,Serviços Industriais de Utilidade Pública,2024-10,939,827,112,5021.99,4434417.17
RS,Serviços Industriais de Utilidade Pública,2024-11,966,816,150,4760.54,4241641.14
RS,Serviços Industriais de Utilidade Pública,2024-12,1035,1042,-7,4579.37,4755675.75
PR,Indústria de Transformação,2023-01,6871,6458,413,3264.06,21753327.87
PR,Indústria de Transformação,2023-02,7544,6204,1340,3669.51,25224211.74
PR,Indústria de Transformação,2023-03,7488,7495,-7,3352.19,25112931.39
PR,Indústria de Transformação,2023-04,7142,6442,700,3271.03,22216835.76
PR,Indústria de Transformação,2023-05,7891,6576,1315,3470.23,25101908.71
PR,Indústria de Transformação,2023-06,8243,7741,502,3383.69,27042450.48
PR,Indústria de Transformação,2023-07,8464,7120,1344,3296.15,25683600.8
PR,Indústria de Transformação,2023-08,7922,7961,-39,3402.53,27021192.0
PR,Indústria de Transformação,2023-09,8005,7534,471,3314.45,25751619.27
PR,Indústria de Transformação,2023-10,8408,9092,-684,3439.38,30094575.0
PR,Indústria de Transformação,2023-11,8758,8570,188,3505.46,30371305.44
PR,Indústria de Transformação,2023-12,7301,7990,-689,3466.18,26500679.19
PR,Indústria de Transformação,2024-01,8944,8081,863,3643.5,31015293.75
PR,Indústria de Transformação,2024-02,8311,7829,482,3637.45,29354221.5
PR,Indústria de Transformação,2024-03,8776,7420,1356,3430.79,27782537.42
PR,Indústria de Transformação,2024-04,8711,9448,-737,3545.46,32191004.07
PR,Indústria de Transformação,2024-05,7116,5956,1160,3657.69,23906661.84
PR,Indústria de Transformação,2024-06,8553,7026,1527,3369.76,26248745.52
PR,Indústria de Transformação,2024-07,7328,7997,-669,3540.31,27127625.38
PR,Indústria de Transformação,2024-08,8579,9246,-667,3358.66,29934057.25
PR,Indústria de Transformação,2024-09,7647,8127,-480,3519.14,27755457.18
PR,Indústria de Transformação,2024-10,8822,7087,1735,3665.14,29154356.13
PR,Indústria de Transformação,2024-11,7102,7015,87,3370.73,23792297.71
PR,Indústria de Transformação,2024-12,7222,7898,-676,3600.51,27219855.6
PR,Extrativa Mineral,2023-01,1645,1582,63,6386.14,10304036.89
PR,Extrativa Mineral,2023-02,1345,1415,-70,6354.1,8768658.0
PR,Extrativa Mineral,2023-03,1556,1564,-8,6446.11,10055931.6
PR,Extrativa Mineral,2023-04,1355,1348,7,6594.29,8912182.94
PR,Extrativa Mineral,2023-05,1420,1535,-115,6337.2,9363213.0
PR,Extrativa Mineral,2023-06,1571,1632,-61,6323.06,10126380.59
PR,Extrativa Mineral,2023-07,1683,1667,16,6604.87,11063157.25
PR,Extrativa Mineral,2023-08,1694,1575,119,6642.28,10856806.66
PR,Extrativa Mineral,2023-09,1350,1322,28,6270.76,8377735.36
PR,Extrativa Mineral,2023-10,1732,1631,101,5986.95,10067056.42
PR,Extrativa Mineral,2023-11,1754,1856,-102,6661.7,12024368.5
PR,Extrativa Mineral,2023-12,1449,1264,185,6071.8,8236396.7
PR,Extrativa Mineral,2024-01,1423,1559,-136,6260.89,9334986.99
PR,Extrativa Mineral,2024-02,1646,1376,270,6486.44,9801010.84
PR,Extrativa Mineral,2024-03,1572,1423,149,6207.37,9295536.57
PR,Extrativa Mineral,2024-04,1701,1688,13,6546.52,11093078.14
PR,Extrativa Mineral,2024-05,1654,1472,182,6138.05,9593772.15
PR,Extrativa Mineral,2024-06,1527,1415,112,6241.51,9181261.21
PR,Extrativa Mineral,2024-07,1528,1263,265,6192.98,8642303.59
PR,Extrativa Mineral,2024-08,1498,1295,203,6328.15,8837261.47
PR,Extrativa Mineral,2024-09,1605,1653,-48,6661.79,10852055.91
PR,Extrativa Mineral,2024-10,1448,1296,152,6465.64,8870858.08
PR,Extrativa Mineral,2024-11,1668,1738,-70,6577.59,11201635.77
PR,Extrativa Mineral,2024-12,1480,1223,257,6046.8,8172250.2
PR,Construção Civil,2023-01,4233,3487,746,2529.42,9763561.2
PR,Construção Civil,2023-02,4852,4209,643,2574.37,11663183.29
PR,Construção Civil,2023-03,4422,4654,-232,2484.51,11274706.38
PR,Construção Civil,2023-04,4241,4615,-374,2769.33,12262593.24
PR,Construção Civil,2023-05,4263,3527,736,2485.64,9681567.8
PR,Construção Civil,2023-06,5005,5171,-166,2583.61,13145407.68
PR,Construção Civil,2023-07,4972,5112,-140,2770.41,13968407.22
PR,Construção Civil,2023-08,4565,4671,-106,2611.6,12060368.8
PR,Construção Civil,2023-09,4030,4053,-23,2510.28,10145296.62
PR,Construção Civil,2023-10,3942,4177,-235,2553.53,10366055.04
PR,Construção Civil,2023-11,4312,4196,116,2577.34,10964004.36
PR,Construção Civil,2023-12,4175,4109,66,2561.33,10609028.86
PR,Construção Civil,2024-01,4795,5145,-350,2661.22,13226263.4
PR,Construção Civil,2024-02,4241,4004,237,2625.41,10823252.72
PR,Construção Civil,2024-03,4574,4644,-70,2720.69,12539660.21
PR,Construção Civil,2024-04,4914,4121,793,2741.75,12385855.62
PR,Construção Civil,2024-05,4410,3765,645,2795.56,11426851.5
PR,Construção Civil,2024-06,4711,4339,372,2658.81,12031115.25
PR,Construção Civil,2024-07,3877,3751,126,2493.49,9510170.86
PR,Construção Civil,2024-08,5074,5551,-477,2484.51,13198959.38
PR,Construção Civil,2024-09,4295,3604,691,2477.11,9783345.95
PR,Construção Civil,2024-10,3937,3170,767,2789.0,9910711.5
PR,Construção Civil,2024-11,4473,3646,827,2724.22,11058971.09
PR,Construção Civil,2024-12,4678,4433,245,2798.04,12746471.22
PR,Serviços Industriais de Utilidade Pública,2023-01,896,838,58,4684.44,4061409.48
PR,Serviços Industriais de Utilidade Pública,2023-02,981,1074,-93,4857.93,4991523.08
PR,Serviços Industriais de Utilidade Pública,2023-03,1100,1109,-9,4620.14,5102944.63
PR,Serviços Industriais de Utilidade Pública,2023-04,1015,1028,-13,5092.62,5202111.33
PR,Serviços Industriais de Utilidade Pública,2023-05,1164,1037,127,4708.7,5181924.35
PR,Serviços Industriais de Utilidade Pública,2023-06,910,729,181,4577.75,3751466.12
PR,Serviços Industriais de Utilidade Pública,2023-07,1043,1130,-87,4591.07,4988197.55
PR,Serviços Industriais de Utilidade Pública,2023-08,979,968,11,4562.15,4441253.02
PR,Serviços Industriais de Utilidade Pública,2023-09,886,753,133,4682.83,3837579.19
PR,Serviços Industriais de Utilidade Pública,2023-10,1022,844,178,4828.86,4505326.38
PR,Serviços Industriais de Utilidade Pública,2023-11,914,980,-66,4671.25,4423673.75
PR,Serviços Industriais de Utilidade Pública,2023-12,1068,1147,-79,4610.99,5106671.42
PR,Serviços Industriais de Utilidade Pública,2024-01,1195,1106,89,4586.36,5276607.18
PR,Serviços Industriais de Utilidade Pública,2024-02,1103,1141,-38,5044.29,5659693.38
PR,Serviços Industriais de Utilidade Pública,2024-03,1153,1077,76,4572.71,5098571.65
PR,Serviços Industriais de Utilidade Pública,2024-04,989,939,50,5010.68,4830295.52
PR,Serviços Industriais de Utilidade Pública,2024-05,1066,1050,16,4687.16,4959015.28
PR,Serviços Industriais de Utilidade Pública,2024-06,1148,941,207,5107.48,5334762.86
PR,Serviços Industriais de Utilidade Pública,2024-07,943,893,50,5084.0,4667112.0
PR,Serviços Industriais de Utilidade Pública,2024-08,1192,1198,-6,4622.87,5524329.65
PR,Serviços Industriais de Utilidade Pública,2024-09,1014,923,91,5105.63,4944802.66
PR,Serviços Industriais de Utilidade Pública,2024-10,926,903,23,5107.22,4670552.69
PR,Serviços Industriais de Utilidade Pública,2024-11,1070,1149,-79,5174.72,5741351.84
PR,Serviços Industriais de Utilidade Pública,2024-12,1172,1171,1,4853.78,5686203.27
BA,Indústria de Transformação,2023-01,5142,4514,628,3629.6,17523708.8
BA,Indústria de Transformação,2023-02,4681,4299,382,3657.32,16421366.8
BA,Indústria de Transformação,2023-03,5911,4899,1012,3450.27,18648709.35
BA,Indústria de Transformação,2023-04,5863,5601,262,3666.44,21016034.08
BA,Indústria de Transformação,2023-05,5907,5756,151,3316.61,19340811.21
BA,Indústria de Transformação,2023-06,5479,4532,947,3347.67,16756762.19
BA,Indústria de Transformação,2023-07,5327,5835,-508,3532.17,19713040.77
BA,Indústria de Transformação,2023-08,5693,4829,864,3347.39,17610618.79
BA,Indústria de Transformação,2023-09,5909,6055,-146,3409.76,20397184.32
BA,Indústria de Transformação,2023-10,5898,5633,265,3305.12,19055669.36
BA,Indústria de Transformação,2023-11,4630,4619,11,3500.39,16187553.55
BA,Indústria de Transformação,2023-12,6179,4970,1209,3552.99,19806142.75
BA,Indústria de Transformação,2024-01,5748,4829,919,3548.66,18767088.41
BA,Indústria de Transformação,2024-02,4840,4096,744,3560.2,15906973.6
BA,Indústria de Transformação,2024-03,4810,4083,727,3328.86,14801775.99
BA,Indústria de Transformação,2024-04,5346,5845,-499,3576.62,20012977.21
BA,Indústria de Transformação,2024-05,5695,5570,125,3539.05,19933699.12
BA,Indústria de Transformação,2024-06,4661,3813,848,3671.56,15556399.72
BA,Indústria de Transformação,2024-07,4784,5241,-457,3489.88,17493023.5
BA,Indústria de Transformação,2024-08,5488,4408,1080,3283.99,16249182.52
BA,Indústria de Transformação,2024-09,4785,5134,-349,3254.11,16138758.54
BA,Indústria de Transformação,2024-10,4760,4137,623,3506.34,15597953.49
BA,Indústria de Transformação,2024-11,5145,4390,755,3491.45,16645487.88
BA,Indústria de Transformação,2024-12,6029,5613,416,3648.02,21235124.42
BA,Extrativa Mineral,2023-01,1237,1164,73,6648.46,7981476.23
BA,Extrativa Mineral,2023-02,1178,1265,-87,6209.11,7584427.86
BA,Extrativa Mineral,2023-03,928,884,44,5966.98,5406083.88
BA,Extrativa Mineral,2023-04,1195,1100,95,5978.01,6859766.48
BA,Extrativa Mineral,2023-05,948,908,40,6168.45,5724321.6
BA,Extrativa Mineral,2023-06,937,761,176,6024.16,5114511.84
BA,Extrativa Mineral,2023-07,987,909,78,6504.07,6165858.36
BA,Extrativa Mineral,2023-08,1105,1083,22,6159.52,6738514.88
BA,Extrativa Mineral,2023-09,1002,839,163,6128.27,5641072.54
BA,Extrativa Mineral,2023-10,1046,936,110,6148.38,6093044.58
BA,Extrativa Mineral,2023-11,939,996,-57,6491.41,6280439.17
BA,Extrativa Mineral,2023-12,956,974,-18,6680.59,6446769.35
BA,Extrativa Mineral,2024-01,935,802,133,6600.32,5732377.92
BA,Extrativa Mineral,2024-02,1074,882,192,6468.42,6326114.76
BA,Extrativa Mineral,2024-03,1201,1131,70,6663.07,7769139.62
BA,Extrativa Mineral,2024-04,958,985,-27,6582.66,6395054.19
BA,Extrativa Mineral,2024-05,991,980,11,5948.6,5862345.3
BA,Extrativa Mineral,2024-06,1027,934,93,6369.18,6244980.99
BA,Extrativa Mineral,2024-07,1098,1012,86,6329.57,6677696.35
BA,Extrativa Mineral,2024-08,1168,1048,120,6065.48,6720551.84
BA,Extrativa Mineral,2024-09,1043,847,196,6630.08,6265425.6
BA,Extrativa Mineral,2024-10,1220,1028,192,6172.75,6938171.0
BA,Extrativa Mineral,2024-11,968,877,91,6017.63,5551263.67
BA,Extrativa Mineral,2024-12,1037,1052,-15,5957.82,6222942.99
BA,Construção Civil,2023-01,3180,2674,506,2690.28,7874449.56
BA,Construção Civil,2023-02,3453,3599,-146,2803.2,9884083.2
BA,Construção Civil,2023-03,2950,2862,88,2761.02,8023524.12
BA,Construção Civil,2023-04,2803,2422,381,2642.08,6902434.0
BA,Construção Civil,2023-05,3374,2765,609,2546.76,7817279.82
BA,Construção Civil,2023-06,3433,3500,-67,2775.69,9621929.38
BA,Construção Civil,2023-07,2801,2387,414,2543.04,6596645.76
BA,Construção Civil,2023-08,3442,3292,150,2694.67,9072953.89
BA,Construção Civil,2023-09,3034,2872,162,2774.04,8191740.12
BA,Construção Civil,2023-10,3423,3214,209,2603.73,8640478.01
BA,Construção Civil,2023-11,2950,2370,580,2573.06,6844339.6
BA,Construção Civil,2023-12,2839,2989,-150,2645.63,7709365.82
BA,Construção Civil,2024-01,2984,2995,-11,2556.51,7642686.65
BA,Construção Civil,2024-02,3392,3151,241,2752.07,9003397.01
BA,Construção Civil,2024-03,2744,2775,-31,2677.58,7388782.01
BA,Construção Civil,2024-04,3526,3485,41,2635.7,9239446.35
BA,Construção Civil,2024-05,2918,2888,30,2606.52,7566727.56
BA,Construção Civil,2024-06,2714,2847,-133,2781.14,7732959.77
BA,Construção Civil,2024-07,3118,2703,415,2546.91,7412781.55
BA,Construção Civil,2024-08,3361,3356,5,2585.1,8682058.35
BA,Construção Civil,2024-09,2946,2705,241,2790.59,7884812.05
BA,Construção Civil,2024-10,2687,2482,205,2584.16,6678761.52
BA,Construção Civil,2024-11,2927,2534,393,2538.73,6932002.26
BA,Construção Civil,2024-12,3117,3230,-113,2697.5,8560516.25
BA,Serviços Industriais de Utilidade Pública,2023-01,648,624,24,4862.11,3092301.96
BA,Serviços Industriais de Utilidade Pública,2023-02,635,626,9,5135.37,3237850.79
BA,Serviços Industriais de Utilidade Pública,2023-03,698,611,87,4809.3,3147686.85
BA,Serviços Industriais de Utilidade Pública,2023-04,741,772,-31,4587.97,3470799.31
BA,Serviços Industriais de Utilidade Pública,2023-05,664,566,98,4755.55,2924663.25
BA,Serviços Industriais de Utilidade Pública,2023-06,728,761,-33,5132.95,3821481.27
BA,Serviços Industriais de Utilidade Pública,2023-07,790,724,66,4983.02,3772146.14
BA,Serviços Industriais de Utilidade Pública,2023-08,612,551,61,4874.38,2834451.97
BA,Serviços Industriais de Utilidade Pública,2023-09,815,738,77,4815.24,3739033.86
BA,Serviços Industriais de Utilidade Pública,2023-10,677,553,124,4910.84,3020166.6
BA,Serviços Industriais de Utilidade Pública,2023-11,649,647,2,5115.21,3314656.08
BA,Serviços Industriais de Utilidade Pública,2023-12,735,625,110,4672.75,3177470.0
BA,Serviços Industriais de Utilidade Pública,2024-01,737,707,30,4835.51,3491238.22
BA,Serviços Industriais de Utilidade Pública,2024-02,735,642,93,5129.0,3531316.5
BA,Serviços Industriais de Utilidade Pública,2024-03,767,728,39,4630.14,3461029.65
BA,Serviços Industriais de Utilidade Pública,2024-04,617,598,19,4933.48,2997089.1
BA,Serviços Industriais de Utilidade Pública,2024-05,719,719,0,4578.38,3291855.22
BA,Serviços Industriais de Utilidade Pública,2024-06,775,808,-33,4664.29,3691785.54
BA,Serviços Industriais de Utilidade Pública,2024-07,614,582,32,5147.97,3078486.06
BA,Serviços Industriais de Utilidade Pública,2024-08,747,777,-30,5158.53,3930799.86
BA,Serviços Industriais de Utilidade Pública,2024-09,643,633,10,4722.95,3013242.1
BA,Serviços Industriais de Utilidade Pública,2024-10,652,619,33,4649.5,2954757.25
BA,Serviços Industriais de Utilidade Pública,2024-11,763,778,-15,5066.09,3903422.35
BA,Serviços Industriais de Utilidade Pública,2024-12,671,590,81,4599.12,2899745.16
SC,Indústria de Transformação,2023-01,6534,6087,447,3417.85,21568342.43
SC,Indústria de Transformação,2023-02,7200,6346,854,3303.2,22372573.6
SC,Indústria de Transformação,2023-03,6021,5596,425,3439.75,19979787.88
SC,Indústria de Transformação,2023-04,6480,6342,138,3267.43,20947493.73
SC,Indústria de Transformação,2023-05,5791,5279,512,3651.94,20213487.9
SC,Indústria de Transformação,2023-06,7310,7513,-203,3358.13,24888780.5
SC,Indústria de Transformação,2023-07,6485,6724,-239,3662.35,24187990.57
SC,Indústria de Transformação,2023-08,6390,5367,1023,3385.11,19899369.14
SC,Indústria de Transformação,2023-09,5951,5710,241,3491.49,20357132.45
SC,Indústria de Transformação,2023-10,5680,4901,779,3304.39,17481875.29
SC,Indústria de Transformação,2023-11,5861,5448,413,3405.09,19254081.41
SC,Indústria de Transformação,2023-12,6435,6287,148,3661.9,23293345.9
SC,Indústria de Transformação,2024-01,5939,6239,-300,3327.25,20259625.25
SC,Indústria de Transformação,2024-02,5983,6167,-184,3305.97,20083767.75
SC,Indústria de Transformação,2024-03,6729,6883,-154,3446.07,23453952.42
SC,Indústria de Transformação,2024-04,6345,5128,1217,3655.33,20968800.54
SC,Indústria de Transformação,2024-05,5861,6006,-145,3503.99,20790924.66
SC,Indústria de Transformação,2024-06,5905,5044,861,3446.99,18870546.75
SC,Indústria de Transformação,2024-07,5948,5445,503,3371.96,19208370.14
SC,Indústria de Transformação,2024-08,6736,5771,965,3273.1,20468330.85
SC,Indústria de Transformação,2024-09,6990,6047,943,3374.2,21994722.7
SC,Indústria de Transformação,2024-10,6461,6713,-252,3542.89,23337016.43
SC,Indústria de Transformação,2024-11,7380,6476,904,3231.69,22389148.32
SC,Indústria de Transformação,2024-12,7308,6016,1292,3395.66,22621886.92
SC,Extrativa Mineral,2023-01,1498,1327,171,5916.35,8356844.38
SC,Extrativa Mineral,2023-02,1480,1374,106,6180.81,8820015.87
SC,Extrativa Mineral,2023-03,1373,1215,158,6485.91,8392767.54
SC,Extrativa Mineral,2023-04,1485,1200,285,6398.96,8590603.8
SC,Extrativa Mineral,2023-05,1404,1259,145,6619.44,8813784.36
SC,Extrativa Mineral,2023-06,1337,1459,-122,5979.86,8359844.28
SC,Extrativa Mineral,2023-07,1439,1178,261,6520.3,8531812.55
SC,Extrativa Mineral,2023-08,1291,1132,159,6440.18,7802278.07
SC,Extrativa Mineral,2023-09,1341,1407,-66,6612.33,9085341.42
SC,Extrativa Mineral,2023-10,1324,1418,-94,6380.94,8748268.74
SC,Extrativa Mineral,2023-11,1450,1498,-48,6639.15,9786107.1
SC,Extrativa Mineral,2023-12,1288,1385,-97,5902.41,7888570.96
SC,Extrativa Mineral,2024-01,1146,1114,32,6663.14,7529348.2
SC,Extrativa Mineral,2024-02,1451,1470,-19,6652.07,9715348.23
SC,Extrativa Mineral,2024-03,1493,1332,161,5942.06,8393159.75
SC,Extrativa Mineral,2024-04,1162,1053,109,6283.38,6958843.35
SC,Extrativa Mineral,2024-05,1415,1236,179,6399.49,8482523.99
SC,Extrativa Mineral,2024-06,1175,964,211,6428.87,6875676.46
SC,Extrativa Mineral,2024-07,1261,1225,36,6491.24,8068611.32
SC,Extrativa Mineral,2024-08,1460,1435,25,6564.53,9502157.17
SC,Extrativa Mineral,2024-09,1497,1575,-78,6333.37,9728056.32
SC,Extrativa Mineral,2024-10,1321,1383,-62,6484.55,8767111.6
SC,Extrativa Mineral,2024-11,1234,1210,24,6091.19,7443434.18
SC,Extrativa Mineral,2024-12,1151,1023,128,6068.16,6596089.92
SC,Construção Civil,2023-01,3995,3454,541,2599.27,9680981.12
SC,Construção Civil,2023-02,3926,3664,262,2577.78,9782675.1
SC,Construção Civil,2023-03,4421,4090,331,2580.35,10980679.42
SC,Construção Civil,2023-04,4365,3676,689,2625.99,10557792.79
SC,Construção Civil,2023-05,3579,3634,-55,2473.91,8922156.41
SC,Construção Civil,2023-06,3944,4319,-375,2639.49,10905052.93
SC,Construção Civil,2023-07,4118,3750,368,2646.41,10410976.94
SC,Construção Civil,2023-08,3681,3427,254,2743.04,9748764.16
SC,Construção Civil,2023-09,3431,3082,349,2650.23,8630473.99
SC,Construção Civil,2023-10,3645,3760,-115,2495.64,9240107.1
SC,Construção Civil,2023-11,3874,4232,-358,2708.34,10976902.02
SC,Construção Civil,2023-12,3574,3550,24,2604.84,9278440.08
SC,Construção Civil,2024-01,3522,3340,182,2592.25,8894009.75
SC,Construção Civil,2024-02,3746,3784,-38,2523.29,9500186.85
SC,Construção Civil,2024-03,4021,3995,26,2652.78,10632342.24
SC,Construção Civil,2024-04,3411,3042,369,2540.66,8197439.49
SC,Construção Civil,2024-05,3358,3302,56,2777.93,9250506.9
SC,Construção Civil,2024-06,4338,3758,580,2479.56,10037258.88
SC,Construção Civil,2024-07,3588,3355,233,2600.43,9027392.74
SC,Construção Civil,2024-08,4050,4190,-140,2645.49,10899418.8
SC,Construção Civil,2024-09,3739,3627,112,2651.71,9766247.93
SC,Construção Civil,2024-10,3628,3768,-140,2705.29,10004162.42
SC,Construção Civil,2024-11,3359,3121,238,2492.83,8076769.2
SC,Construção Civil,2024-12,4227,4207,20,2690.13,11344278.21
SC,Serviços Industriais de Utilidade Pública,2023-01,760,815,-55,4825.85,3800356.88
SC,Serviços Industriais de Utilidade Pública,2023-02,915,848,67,4702.08,4144883.52
SC,Serviços Industriais de Utilidade Pública,2023-03,1005,860,145,4924.02,4591648.65
SC,Serviços Industriais de Utilidade Pública,2023-04,973,883,90,4732.12,4391407.36
SC,Serviços Industriais de Utilidade Pública,2023-05,854,877,-23,4878.96,4222739.88
SC,Serviços Industriais de Utilidade Pública,2023-06,940,1012,-72,4778.34,4663659.84
SC,Serviços Industriais de Utilidade Pública,2023-07,863,719,144,4869.48,3851758.68
SC,Serviços Industriais de Utilidade Pública,2023-08,1001,884,117,4802.03,4525913.27
SC,Serviços Industriais de Utilidade Pública,2023-09,826,703,123,4651.5,3556071.75
SC,Serviços Industriais de Utilidade Pública,2023-10,1006,1087,-81,4675.74,4893161.91
SC,Serviços Industriais de Utilidade Pública,2023-11,968,933,35,4640.07,4410386.54
SC,Serviços Industriais de Utilidade Pública,2023-12,1007,1053,-46,4573.8,4711014.0
SC,Serviços Industriais de Utilidade Pública,2024-01,789,718,71,4950.17,3729953.1
SC,Serviços Industriais de Utilidade Pública,2024-02,949,988,-39,4837.05,4684682.92
SC,Serviços Industriais de Utilidade Pública,2024-03,764,722,42,4882.53,3627719.79
SC,Serviços Industriais de Utilidade Pública,2024-04,878,769,109,4918.74,4050582.39
SC,Serviços Industriais de Utilidade Pública,2024-05,1001,1033,-32,4634.92,4713713.64
SC,Serviços Industriais de Utilidade Pública,2024-06,904,869,35,5122.51,4541105.12
SC,Serviços Industriais de Utilidade Pública,2024-07,839,794,45,4816.67,3932811.06
SC,Serviços Industriais de Utilidade Pública,2024-08,751,684,67,5162.03,3703756.52
SC,Serviços Industriais de Utilidade Pública,2024-09,824,790,34,5129.02,4139119.14
SC,Serviços Industriais de Utilidade Pública,2024-10,939,938,1,4983.36,4676883.36
SC,Serviços Industriais de Utilidade Pública,2024-11,934,943,-9,4816.43,4520219.56
SC,Serviços Industriais de Utilidade Pública,2024-12,763,735,28,4868.21,3646289.29
